{
  "pelvis_contour_link": {
    "centers": [
      [
        -0.0006984250503592193,
        0.002040367340669036,
        -0.06745228916406631
      ]
    ],
    "radii": [
      0.08426331728696823
    ]
  },
  "left_hip_pitch_link": {
    "centers": [],
    "radii": []
  },
  "left_hip_roll_link": {
    "centers": [
      [
        0.026002272963523865,
        0.0010101627558469772,
        -0.09203723073005676
      ],
      [
        0.04410300403833389,
        0.002155683469027281,
        -0.018007876351475716
      ]
    ],
    "radii": [
      0.061888501048088074,
      0.061567384749650955
    ]
  },
  "left_hip_yaw_link": {
    "centers": [
      [
        -0.023766623868791328,
        -0.008425049622627384,
        -0.11483735770075106
      ],
      [
        -0.020403074100613594,
        0.0024680388160049915,
        -0.05062729865312576
      ],
      [
        0.014481833204627037,
        -0.004035215824842453,
        -0.047023702412843704
      ]
    ],
    "radii": [
      0.06533361226320267,
      0.06310544908046722,
      0.06278486549854279
    ]
  },
  "left_knee_link": {
    "centers": [
      [
        0.012889564037322998,
        0.0006254063919186592,
        -0.26049163937568665
      ],
      [
        0.010122780255289412,
        0.0011557116276351028,
        -0.1713062996175169
      ],
      [
        -0.012921072542667389,
        -0.003939593676477671,
        -0.09420298784971237
      ],
      [
        0.029281578958034515,
        -0.003048195503652096,
        -0.0913957878947258
      ],
      [
        0.012706159614026546,
        0.0021414391230791807,
        -0.02066390961408615
      ]
    ],
    "radii": [
      0.045,
      0.0529390424489975,
      0.04965655505657196,
      0.04998200014233589,
      0.063734270632267
    ]
  },
  "left_ankle_pitch_link": {
    "centers": [],
    "radii": []
  },
  "left_ankle_roll_link": {
    "centers": [
      [
        -0.050042733550071716,
        -0.024757426232099533,
        -0.02977631241083145
      ],
      [
        -0.04966200515627861,
        0.025119265541434288,
        -0.0301000215113163
      ],
      [
        0.12036360055208206,
        -0.02998197264969349,
        -0.02991247922182083
      ],
      [
        0.12023886293172836,
        0.030134955421090126,
        -0.029833568260073662
      ]
    ],
    "radii": [
      0.015,
      0.015,
      0.015,
      0.015
    ]
  },
  "right_hip_pitch_link": {
    "centers": [],
    "radii": []
  },
  "right_hip_roll_link": {
    "centers": [
      [
        0.039413832932706463,
        -0.0009149654947598682,
        -0.09086193268905217
      ],
      [
        0.051827382296323776,
        -0.0023362827487289906,
        -0.020560793578624725
      ]
    ],
    "radii": [
      0.061888501048088074,
      0.061567384749650955
    ]
  },
  "right_hip_yaw_link": {
    "centers": [
      [
        -0.014122403226792812,
        0.005036594811826944,
        -0.011026415973901749
      ],
      [
        0.013850602321326733,
        0.0016215670621022582,
        -0.0610475055873394
      ],
      [
        -0.012130571897196307,
        0.0018075566439175951,
        -0.10624324320950912
      ]
    ],
    "radii": [
      0.055875785648822784,
      0.06533361226320267,
      0.06278486549854279
    ]
  },
  "right_knee_link": {
    "centers": [
      [
        0.012237734161317348,
        0.008367319591343403,
        -0.26001831889152527
      ],
      [
        0.010189923463539136,
        -0.0024299787654348923,
        -0.176763135089145
      ],
      [
        -0.00925165734777871,
        -0.010498255200433576,
        -0.09529023617895106
      ],
      [
        0.03534648793265831,
        0.0032575097145682162,
        -0.09214628850900708
      ],
      [
        0.018814997123339592,
        -0.0010047386607444822,
        -0.021364033126399378
      ]
    ],
    "radii": [
      0.045,
      0.0529390424489975,
      0.04965655505657196,
      0.04998200014233589,
      0.063734270632267
    ]
  },
  "right_ankle_pitch_link": {
    "centers": [],
    "radii": []
  },
  "right_ankle_roll_link": {
    "centers": [
      [
        -0.050042733550071716,
        -0.024757426232099533,
        -0.02977631241083145
      ],
      [
        -0.04966200515627861,
        0.025119265541434288,
        -0.0301000215113163
      ],
      [
        0.12036360055208206,
        -0.02998197264969349,
        -0.02991247922182083
      ],
      [
        0.12023886293172836,
        0.030134955421090126,
        -0.029833568260073662
      ]
    ],
    "radii": [
      0.015,
      0.015,
      0.015,
      0.015
    ]
  },
  "torso_link": {
    "centers": [
      [
        0.002918431768193841,
        0.002040076768025756,
        0.08014409244060516
      ],
      [
        0.0029868155252188444,
        -0.00282281800173223,
        0.20458516478538513
      ]
    ],
    "radii": [
      0.11035636067390442,
      0.11612121015787125
    ]
  },
  "logo_link": {
    "centers": [],
    "radii": []
  },
  "head_link": {
    "centers": [
      [
        0.0076727052219212055,
        -0.002300408668816089,
        0.4527471822710717
      ]
    ],
    "radii": [
      0.085
    ]
  },
  "waist_support_link": {
    "centers": [
      [
        0.00494358828291297,
        0.00016649365478964534,
        0.04007248387970932
      ]
    ],
    "radii": [
      0.06366366147994995
    ]
  },
  "left_shoulder_pitch_link": {
    "centers": [],
    "radii": []
  },
  "left_shoulder_roll_link": {
    "centers": [],
    "radii": []
  },
  "left_shoulder_yaw_link": {
    "centers": [
      [
        0.010034901089966297,
        -0.006331420037895441,
        -0.07528512924909592
      ],
      [
        -0.003699922002851963,
        0.0006021297303959727,
        -0.007582906633615494
      ]
    ],
    "radii": [
      0.046435121446847916,
      0.048908066004514694
    ]
  },
  "left_elbow_link": {
    "centers": [],
    "radii": []
  },
  "left_wrist_roll_link": {
    "centers": [],
    "radii": []
  },
  "left_wrist_pitch_link": {
    "centers": [
      [
        0.003381579415872693,
        0.0003031358646694571,
        -0.0024264471139758825
      ],
      [
        0.04356343671679497,
        0.0016647472511976957,
        -0.002416434697806835
      ]
    ],
    "radii": [
      0.0366830974817276,
      0.03595791012048721
    ]
  },
  "left_wrist_yaw_link": {
    "centers": [
      [
        0.08705673870766806,
        0.005392480745825837,
        0.000582677334554844
      ],
      [
        0.15360863697777383,
        -0.016980907470253905,
        -0.0001755568317745051
      ]
    ],
    "radii": [
      0.045,
      0.035
    ]
  },
  "right_shoulder_pitch_link": {
    "centers": [],
    "radii": []
  },
  "right_shoulder_roll_link": {
    "centers": [],
    "radii": []
  },
  "right_shoulder_yaw_link": {
    "centers": [
      [
        0.008662549778819084,
        0.003284754231572151,
        -0.013423951342701912
      ],
      [
        0.022357681766152382,
        0.010303926654160023,
        -0.08112539350986481
      ]
    ],
    "radii": [
      0.046435121446847916,
      0.048908066004514694
    ]
  },
  "right_elbow_link": {
    "centers": [],
    "radii": []
  },
  "right_wrist_roll_link": {
    "centers": [],
    "radii": []
  },
  "right_wrist_pitch_link": {
    "centers": [
      [
        0.04263123869895935,
        -0.001332593965344131,
        0.00021463542361743748
      ],
      [
        0.002480833325535059,
        -0.001054090796969831,
        0.0022890146356076
      ]
    ],
    "radii": [
      0.0366830974817276,
      0.03595791012048721
    ]
  },
  "right_wrist_yaw_link": {
    "centers": [
      [
        0.08207827058133152,
        -0.006472118596243046,
        0.0020256647332185973
      ],
      [
        0.15043513978824222,
        0.02697097903372611,
        0.0017549858181104276
      ]
    ],